Plot_ID,Date,Lat,Lon,altitude
P1_1,30/6/2022 11:23:43,59.5134489508099,10.8712767647476,147.839
P1_2,30/6/2022 11:25:07,59.5134489508099,10.8712767647476,137.239
P1_3,30/6/2022 11:26:30,59.5134489508099,10.8712767647476,130.839
P1_4,30/6/2022 11:27:34,59.5134489508099,10.8712767647476,126.239
P6_1,29/6/2022 13:59:57,59.518708157092,10.8837451137643,150.529
P6_2,29/6/2022 14:00:33,59.518708157092,10.8837451137643,139.929
P6_3,29/6/2022 14:01:37,59.518708157092,10.8837451137643,133.529
P6_4,29/6/2022 14:02:41,59.518708157092,10.8837451137643,128.929
P6_5,29/6/2022 14:03:44,59.518708157092,10.8837451137643,125.329
P6_6,29/6/2022 14:04:45,59.518708157092,10.8837451137643,122.329
P6_7,29/6/2022 14:05:48,59.518708157092,10.8837451137643,119.429
P7_1,29/6/2022 13:37:44,59.5194796753604,10.8855271023702,156.427
P7_2,29/6/2022 13:38:49,59.5194796753604,10.8855271023702,145.827
P7_3,29/6/2022 13:39:53,59.5194796753604,10.8855271023702,139.427
P7_4,29/6/2022 13:40:57,59.5194796753604,10.8855271023702,134.827
P7_5,29/6/2022 13:42:00,59.5194796753604,10.8855271023702,131.227
P7_6,29/6/2022 13:43:04,59.5194796753604,10.8855271023702,128.227
P7_7,29/6/2022 13:44:07,59.5194796753604,10.8855271023702,125.327
P8_1,29/6/2022 13:26:43,59.5203544745081,10.8877610270399,160.425
P8_2,29/6/2022 13:27:48,59.5203544745081,10.8877610270399,149.825
P8_3,29/6/2022 13:28:52,59.5203544745081,10.8877610270399,143.425
P8_4,29/6/2022 13:29:56,59.5203544745081,10.8877610270399,138.825
P8_5,29/6/2022 13:30:59,59.5203544745081,10.8877610270399,135.225
P8_6,29/6/2022 13:32:02,59.5203544745081,10.8877610270399,132.225
P8_7,29/6/2022 13:33:06,59.5203544745081,10.8877610270399,129.325
P10_1,29/6/2022 12:14:27,59.5220934449635,10.8917735659152,176.021
P10_2,29/6/2022 12:15:32,59.5220934449635,10.8917735659152,165.421
P10_3,29/6/2022 12:16:36,59.5220934449635,10.8917735659152,159.021
P10_4,29/6/2022 12:17:40,59.5220934449635,10.8917735659152,154.421
P10_5,29/6/2022 12:18:43,59.5220934449635,10.8917735659152,150.821
P10_6,29/6/2022 12:19:46,59.5220934449635,10.8917735659152,147.821
P10_7,29/6/2022 12:20:50,59.5220934449635,10.8917735659152,144.921
P15_1,19/7/2022 11:42:29,59.5245130699562,10.9012343138817,158.714
P15_2,19/7/2022 11:43:34,59.5245130699562,10.9012343138817,148.114
P15_3,19/7/2022 11:44:39,59.5245130699562,10.9012343138817,141.714
P15_4,19/7/2022 11:45:42,59.5245130699562,10.9012343138817,137.114
P15_5,19/7/2022 11:46:46,59.5245130699562,10.9012343138817,133.514
P15_6,19/7/2022 11:47:49,59.5245130699562,10.9012343138817,130.514
P15_7,19/7/2022 11:48:52,59.5245130699562,10.9012343138817,127.614
P17_1,29/6/2022 12:04:59,59.5210949467828,10.8935029293066,147.722
P17_2,29/6/2022 12:06:04,59.5210949467828,10.8935029293066,137.122
P17_3,29/6/2022 12:07:09,59.5210949467828,10.8935029293066,130.722
P17_4,29/6/2022 12:08:12,59.5210949467828,10.8935029293066,126.122
P17_5,29/6/2022 12:09:16,59.5210949467828,10.8935029293066,122.522
P17_6,29/6/2022 12:10:19,59.5210949467828,10.8935029293066,119.522
P17_7,29/6/2022 12:11:22,59.5210949467828,10.8935029293066,116.622
P18_1,23/6/2022 12:52:14,59.5203105304933,10.8912083687896,165.924
P18_2,23/6/2022 12:53:19,59.5203105304933,10.8912083687896,155.324
P18_3,23/6/2022 12:54:23,59.5203105304933,10.8912083687896,148.924
P18_4,23/6/2022 12:55:27,59.5203105304933,10.8912083687896,144.324
P18_5,23/6/2022 12:56:31,59.5203105304933,10.8912083687896,140.724
P18_6,23/6/2022 12:57:34,59.5203105304933,10.8912083687896,137.724
P18_7,23/6/2022 12:58:37,59.5203105304933,10.8912083687896,134.824
P19_1,23/6/2022 12:41:51,59.5195734540947,10.8894693009645,168.326
P19_2,23/6/2022 12:42:57,59.5195734540947,10.8894693009645,157.726
P19_3,23/6/2022 12:44:01,59.5195734540947,10.8894693009645,151.326
P19_4,23/6/2022 12:45:04,59.5195734540947,10.8894693009645,146.726
P19_5,23/6/2022 12:46:08,59.5195734540947,10.8894693009645,143.126
P19_6,23/6/2022 12:47:11,59.5195734540947,10.8894693009645,140.126
P19_7,23/6/2022 12:48:14,59.5195734540947,10.8894693009645,137.226
P20_1,29/6/2022 14:12:07,59.517637808784,10.8851703482457,161.630
P20_2,29/6/2022 14:13:12,59.517637808784,10.8851703482457,151.030
P20_3,29/6/2022 14:14:16,59.517637808784,10.8851703482457,144.630
P20_4,29/6/2022 14:15:20,59.517637808784,10.8851703482457,140.030
P20_5,29/6/2022 14:16:23,59.517637808784,10.8851703482457,136.430
P20_6,29/6/2022 14:17:28,59.517637808784,10.8851703482457,133.430
P20_7,29/6/2022 14:18:31,59.517637808784,10.8851703482457,130.530
P30_1,23/6/2022 12:20:43,59.5184859513661,10.8912671020147,164.426
P30_2,23/6/2022 12:21:48,59.5184859513661,10.8912671020147,153.826
P30_3,23/6/2022 12:22:52,59.5184859513661,10.8912671020147,147.426
P30_4,23/6/2022 12:23:56,59.5184859513661,10.8912671020147,142.826
P30_5,23/6/2022 12:25:00,59.5184859513661,10.8912671020147,139.226
P30_6,23/6/2022 12:26:03,59.5184859513661,10.8912671020147,136.226
P30_7,23/6/2022 12:27:06,59.5184859513661,10.8912671020147,133.326
P31_1,20/7/2022 11:39:56,59.521789164019,10.8990374373854,140.919
P31_2,20/7/2022 11:41:02,59.521789164019,10.8990374373854,130.319
P31_3,20/7/2022 11:42:06,59.521789164019,10.8990374373854,123.919
P31_4,20/7/2022 11:43:09,59.521789164019,10.8990374373854,119.319
P31_5,20/7/2022 11:44:13,59.521789164019,10.8990374373854,115.719
P31_6,20/7/2022 11:45:16,59.521789164019,10.8990374373854,112.719
P31_7,20/7/2022 11:46:19,59.521789164019,10.8990374373854,109.819
P32_3,20/7/2022 12:00:02,59.5235795109763,10.9031533855549,113.115
P32_4,20/7/2022 12:01:06,59.5235795109763,10.9031533855549,108.515
P32_5,20/7/2022 12:02:09,59.5235795109763,10.9031533855549,104.915
P32_6,20/7/2022 12:03:13,59.5235795109763,10.9031533855549,101.915
P32_7,20/7/2022 12:04:16,59.5235795109763,10.9031533855549,99.015
P33_1,19/7/2022 12:33:55,59.5253252790641,10.9072274068228,106.711
P33_2,19/7/2022 12:35:01,59.5253252790641,10.9072274068228,96.111
P33_3,19/7/2022 12:36:05,59.5253252790641,10.9072274068228,89.711
P33_4,19/7/2022 12:37:08,59.5253252790641,10.9072274068228,85.111
P33_5,19/7/2022 12:38:12,59.5253252790641,10.9072274068228,81.511
P34_1,19/7/2022 12:25:03,59.5261357237306,10.9092239256897,98.009
P34_2,19/7/2022 12:26:09,59.5261357237306,10.9092239256897,87.409
P34_3,19/7/2022 12:27:13,59.5261357237306,10.9092239256897,81.009
P34_4,19/7/2022 12:28:17,59.5261357237306,10.9092239256897,76.409
P34_5,19/7/2022 12:29:20,59.5261357237306,10.9092239256897,72.809
P34_6,19/7/2022 12:30:23,59.5261357237306,10.9092239256897,69.809
P34_7,19/7/2022 12:31:26,59.5261357237306,10.9092239256897,66.909
P35_1,20/7/2022 11:20:55,59.5234093976638,10.906847538935,105.414
P35_2,20/7/2022 11:22:00,59.5234093976638,10.906847538935,94.814
P35_4,20/7/2022 11:24:08,59.5234093976638,10.906847538935,83.814
P35_5,20/7/2022 11:25:11,59.5234093976638,10.906847538935,80.214
P36_2,20/7/2022 11:13:17,59.5225599005784,10.9047898662039,102.316
P36_3,20/7/2022 11:14:21,59.5225599005784,10.9047898662039,95.916
P36_4,20/7/2022 11:15:25,59.5225599005784,10.9047898662039,91.316
P36_6,20/7/2022 11:17:32,59.5225599005784,10.9047898662039,84.716
P37_3,20/7/2022 11:05:33,59.5216826156848,10.9027174385461,102.118
P37_4,20/7/2022 11:06:37,59.5216826156848,10.9027174385461,97.518
P37_5,20/7/2022 11:07:40,59.5216826156848,10.9027174385461,93.918
P37_6,20/7/2022 11:08:43,59.5216826156848,10.9027174385461,90.918
P37_7,20/7/2022 11:09:47,59.5216826156848,10.9027174385461,88.018
P38_1,20/7/2022 12:42:03,59.5207706572717,10.9007807746728,129.120
P38_2,20/7/2022 12:43:17,59.5207706572717,10.9007807746728,118.520
P38_3,20/7/2022 12:44:21,59.5207706572717,10.9007807746728,112.120
P38_4,20/7/2022 12:45:31,59.5207706572717,10.9007807746728,107.520
P38_5,20/7/2022 12:46:34,59.5207706572717,10.9007807746728,103.920
P39_1,23/6/2022 10:35:06,59.5154827778968,10.8887127767805,151.832
P39_2,23/6/2022 10:36:12,59.5154827778968,10.8887127767805,141.232
P39_3,23/6/2022 10:37:16,59.5154827778968,10.8887127767805,134.832
P39_4,23/6/2022 10:38:19,59.5154827778968,10.8887127767805,130.232
P39_5,23/6/2022 10:39:23,59.5154827778968,10.8887127767805,126.632
P39_6,23/6/2022 10:40:26,59.5154827778968,10.8887127767805,123.632
P39_7,23/6/2022 10:41:29,59.5154827778968,10.8887127767805,120.732
P43_1,31/8/2022 12:38:29,59.5086914909643,10.8724061074736,129.746
P43_2,31/8/2022 12:39:34,59.5086914909643,10.8724061074736,119.146
P43_3,31/8/2022 12:40:38,59.5086914909643,10.8724061074736,112.746
P44_1,31/8/2022 12:52:02,59.5076708732261,10.8742757093314,130.847
P44_2,31/8/2022 12:53:07,59.5076708732261,10.8742757093314,120.247
P44_3,31/8/2022 12:54:11,59.5076708732261,10.8742757093314,113.847
P44_4,31/8/2022 12:55:15,59.5076708732261,10.8742757093314,109.247
P44_5,31/8/2022 12:56:18,59.5076708732261,10.8742757093314,105.647
P44_6,31/8/2022 12:57:22,59.5076708732261,10.8742757093314,102.647
P44_7,31/8/2022 12:58:25,59.5076708732261,10.8742757093314,99.747
P45_1,31/8/2022 13:01:12,59.5084601511997,10.8761888393644,134.346
P45_2,31/8/2022 13:02:17,59.5084601511997,10.8761888393644,123.746
P45_3,31/8/2022 13:03:21,59.5084601511997,10.8761888393644,117.346
P45_5,31/8/2022 13:05:29,59.5084601511997,10.8761888393644,109.146
P46_4,13/7/2022 10:57:02,59.5110479268646,10.8824709483305,122.840
P46_5,13/7/2022 10:58:05,59.5110479268646,10.8824709483305,119.240
P46_6,13/7/2022 10:59:09,59.5110479268646,10.8824709483305,116.240
P49_1,22/6/2022 13:57:48,59.5154041152726,10.892171232859,116.431
P49_2,22/6/2022 13:58:51,59.5154041152726,10.892171232859,111.831
P49_3,22/6/2022 13:59:55,59.5154041152726,10.892171232859,108.231
P49_4,22/6/2022 14:00:58,59.5154041152726,10.892171232859,105.231
P50_1,22/6/2022 13:44:12,59.5172768729021,10.8967766940626,115.026
P50_2,22/6/2022 13:45:45,59.5172768729021,10.8967766940626,110.426
P50_3,22/6/2022 13:46:48,59.5172768729021,10.8967766940626,106.826
P51_1,22/6/2022 11:21:45,59.5178986061884,10.8983848079565,116.625
P51_2,22/6/2022 11:22:49,59.5178986061884,10.8983848079565,112.025
P51_3,22/6/2022 11:23:52,59.5178986061884,10.8983848079565,108.425
P51_4,22/6/2022 11:24:55,59.5178986061884,10.8983848079565,105.425
P52_1,20/7/2022 12:49:08,59.5197841350112,10.9023669243542,120.821
P52_2,20/7/2022 12:50:14,59.5197841350112,10.9023669243542,110.221
P52_3,20/7/2022 12:51:18,59.5197841350112,10.9023669243542,103.821
P52_4,20/7/2022 12:52:22,59.5197841350112,10.9023669243542,99.221
P52_5,20/7/2022 12:53:25,59.5197841350112,10.9023669243542,95.621
P52_6,20/7/2022 12:54:28,59.5197841350112,10.9023669243542,92.621
P52_7,20/7/2022 12:55:31,59.5197841350112,10.9023669243542,89.721
P53_1,20/7/2022 12:58:54,59.5206269394776,10.9044832787375,112.919
P53_2,20/7/2022 12:59:59,59.5206269394776,10.9044832787375,102.319
P53_3,20/7/2022 13:01:03,59.5206269394776,10.9044832787375,95.919
P53_4,20/7/2022 13:02:07,59.5206269394776,10.9044832787375,91.319
P53_5,20/7/2022 13:03:10,59.5206269394776,10.9044832787375,87.719
P53_6,20/7/2022 13:04:14,59.5206269394776,10.9044832787375,84.719
P53_7,20/7/2022 13:05:17,59.5206269394776,10.9044832787375,81.819
P54_1,20/7/2022 13:15:21,59.5178762229045,10.9021676560906,115.623
P54_2,20/7/2022 13:16:26,59.5178762229045,10.9021676560906,105.023
P54_3,20/7/2022 13:17:30,59.5178762229045,10.9021676560906,98.623
P54_4,20/7/2022 13:18:34,59.5178762229045,10.9021676560906,94.023
P54_5,20/7/2022 13:19:38,59.5178762229045,10.9021676560906,90.423
P54_6,20/7/2022 13:20:41,59.5178762229045,10.9021676560906,87.423
P55_1,22/6/2022 10:44:32,59.5159538150027,10.8981460919522,96.128
P55_2,22/6/2022 10:45:36,59.5159538150027,10.8981460919522,91.528
P55_3,22/6/2022 10:46:39,59.5159538150027,10.8981460919522,87.928
P55_4,22/6/2022 10:47:42,59.5159538150027,10.8981460919522,84.928
P55_5,22/6/2022 10:48:46,59.5159538150027,10.8981460919522,82.028
P56_1,8/7/2022 10:33:18,59.5152982510199,10.8962177932907,137.729
P56_2,8/7/2022 10:34:23,59.5152982510199,10.8962177932907,127.129
P56_3,8/7/2022 10:35:27,59.5152982510199,10.8962177932907,120.729
P56_4,8/7/2022 10:36:31,59.5152982510199,10.8962177932907,116.129
P56_5,8/7/2022 10:37:35,59.5152982510199,10.8962177932907,112.529
P56_6,8/7/2022 10:38:38,59.5152982510199,10.8962177932907,109.529
P56_7,8/7/2022 10:39:41,59.5152982510199,10.8962177932907,106.629
P57_1,8/7/2022 10:22:33,59.51443215042,10.8936716974183,153.332
P57_2,8/7/2022 10:23:38,59.51443215042,10.8936716974183,142.732
P57_3,8/7/2022 10:24:42,59.51443215042,10.8936716974183,136.332
P57_4,8/7/2022 10:25:46,59.51443215042,10.8936716974183,131.732
P57_5,8/7/2022 10:26:49,59.51443215042,10.8936716974183,128.132
P57_6,8/7/2022 10:27:53,59.51443215042,10.8936716974183,125.132
P57_7,8/7/2022 10:28:56,59.51443215042,10.8936716974183,122.232
P58_1,12/7/2022 10:25:26,59.5134621893678,10.8918431474374,143.134
P58_2,12/7/2022 10:26:31,59.5134621893678,10.8918431474374,132.534
P58_3,12/7/2022 10:27:35,59.5134621893678,10.8918431474374,126.134
P58_4,12/7/2022 10:28:39,59.5134621893678,10.8918431474374,121.534
P58_5,12/7/2022 10:29:42,59.5134621893678,10.8918431474374,117.934
P58_6,12/7/2022 10:30:45,59.5134621893678,10.8918431474374,114.934
P58_7,12/7/2022 10:31:49,59.5134621893678,10.8918431474374,112.034
P59_4,13/7/2022 10:06:53,59.5109288116509,10.8859558784849,113.139
P59_5,13/7/2022 10:07:56,59.5109288116509,10.8859558784849,109.539
P59_6,13/7/2022 10:08:59,59.5109288116509,10.8859558784849,106.539
P59_7,13/7/2022 10:10:03,59.5109288116509,10.8859558784849,103.639
P60_2,13/7/2022 10:30:32,59.510013966497,10.8842060684674,128.541
P60_3,13/7/2022 10:31:36,59.510013966497,10.8842060684674,122.141
P60_4,13/7/2022 10:32:40,59.510013966497,10.8842060684674,117.541
P60_5,13/7/2022 10:33:44,59.510013966497,10.8842060684674,113.941
P60_6,13/7/2022 10:34:47,59.510013966497,10.8842060684674,110.941
P60_7,13/7/2022 10:35:50,59.510013966497,10.8842060684674,108.041
P61_1,13/7/2022 10:45:08,59.5090255708332,10.8816991539074,137.844
P61_2,13/7/2022 10:46:13,59.5090255708332,10.8816991539074,127.244
P61_3,13/7/2022 10:47:17,59.5090255708332,10.8816991539074,120.844
P61_4,13/7/2022 10:48:21,59.5090255708332,10.8816991539074,116.244
P61_5,13/7/2022 10:49:24,59.5090255708332,10.8816991539074,112.644
P61_6,13/7/2022 10:50:27,59.5090255708332,10.8816991539074,109.644
P61_7,13/7/2022 10:51:31,59.5090255708332,10.8816991539074,106.744
P63_1,31/8/2022 13:34:55,59.5074633520859,10.8779234145906,132.047
P64_1,18/7/2022 13:22:42,59.5056111541243,10.8776023879077,127.150
P64_2,18/7/2022 13:23:47,59.5056111541243,10.8776023879077,116.550
P64_3,18/7/2022 13:24:51,59.5056111541243,10.8776023879077,110.150
P64_4,18/7/2022 13:25:55,59.5056111541243,10.8776023879077,105.550
P64_5,18/7/2022 13:26:58,59.5056111541243,10.8776023879077,101.950
P64_6,18/7/2022 13:28:01,59.5056111541243,10.8776023879077,98.950
P64_7,18/7/2022 13:29:05,59.5056111541243,10.8776023879077,96.050
P65_1,18/7/2022 13:31:46,59.5063977398198,10.8796581778829,137.548
P65_2,18/7/2022 13:32:51,59.5063977398198,10.8796581778829,126.948
P65_3,18/7/2022 13:33:56,59.5063977398198,10.8796581778829,120.548
P65_6,18/7/2022 13:37:06,59.5063977398198,10.8796581778829,109.348
P65_7,18/7/2022 13:38:09,59.5063977398198,10.8796581778829,106.448
P67_1,13/7/2022 10:15:24,59.5090344815436,10.8857397322751,139.142
P67_2,13/7/2022 10:16:30,59.5090344815436,10.8857397322751,128.542
P67_3,13/7/2022 10:17:34,59.5090344815436,10.8857397322751,122.142
P67_4,13/7/2022 10:18:37,59.5090344815436,10.8857397322751,117.542
P67_5,13/7/2022 10:19:41,59.5090344815436,10.8857397322751,113.942
P67_6,13/7/2022 10:20:44,59.5090344815436,10.8857397322751,110.942
P67_7,13/7/2022 10:21:47,59.5090344815436,10.8857397322751,108.042
P68_1,13/7/2022 09:45:49,59.5100313794552,10.887438997601,121.740
P68_2,13/7/2022 09:46:54,59.5100313794552,10.887438997601,111.140
P68_3,13/7/2022 09:47:58,59.5100313794552,10.887438997601,104.740
P68_4,13/7/2022 09:49:02,59.5100313794552,10.887438997601,100.140
P68_5,13/7/2022 09:50:06,59.5100313794552,10.887438997601,96.540
P68_6,13/7/2022 09:51:09,59.5100313794552,10.887438997601,93.540
P68_7,13/7/2022 09:52:12,59.5100313794552,10.887438997601,90.640
P69_1,12/7/2022 10:10:39,59.511586405778,10.8915437954921,141.436
P69_2,12/7/2022 10:11:44,59.511586405778,10.8915437954921,130.836
P69_3,12/7/2022 10:12:48,59.511586405778,10.8915437954921,124.436
P69_4,12/7/2022 10:13:52,59.511586405778,10.8915437954921,119.836
P69_5,12/7/2022 10:14:56,59.511586405778,10.8915437954921,116.236
P69_6,12/7/2022 10:15:59,59.511586405778,10.8915437954921,113.236
P69_7,12/7/2022 10:17:02,59.511586405778,10.8915437954921,110.336
P70_1,8/7/2022 11:13:26,59.512552046919,10.8937441299105,138.634
P70_2,8/7/2022 11:14:40,59.512552046919,10.8937441299105,128.034
P70_3,8/7/2022 11:15:45,59.512552046919,10.8937441299105,121.634
P70_4,8/7/2022 11:16:49,59.512552046919,10.8937441299105,117.034
P70_5,8/7/2022 11:17:52,59.512552046919,10.8937441299105,113.434
P70_6,8/7/2022 11:18:55,59.512552046919,10.8937441299105,110.434
P70_7,8/7/2022 11:19:58,59.512552046919,10.8937441299105,107.534
P71_1,8/7/2022 09:42:29,59.5133452714171,10.8958856741877,138.832
P71_2,8/7/2022 09:43:34,59.5133452714171,10.8958856741877,128.232
P71_3,8/7/2022 09:44:39,59.5133452714171,10.8958856741877,121.832
P71_4,8/7/2022 09:45:42,59.5133452714171,10.8958856741877,117.232
P71_5,8/7/2022 09:46:46,59.5133452714171,10.8958856741877,113.632
P71_6,8/7/2022 09:47:49,59.5133452714171,10.8958856741877,110.632
P71_7,8/7/2022 09:48:52,59.5133452714171,10.8958856741877,107.732
P72_1,8/7/2022 09:51:59,59.5143717964984,10.8977845187455,141.530
P72_2,8/7/2022 09:53:04,59.5143717964984,10.8977845187455,130.930
P72_3,8/7/2022 09:54:08,59.5143717964984,10.8977845187455,124.530
P72_4,8/7/2022 09:55:12,59.5143717964984,10.8977845187455,119.930
P72_5,8/7/2022 09:56:16,59.5143717964984,10.8977845187455,116.330
P72_6,8/7/2022 09:57:19,59.5143717964984,10.8977845187455,113.330
P73_1,22/6/2022 11:42:17,59.5150656275088,10.9001154295221,127.528
P73_2,22/6/2022 11:43:20,59.5150656275088,10.9001154295221,122.928
P73_3,22/6/2022 11:44:24,59.5150656275088,10.9001154295221,119.328
P73_4,22/6/2022 11:45:27,59.5150656275088,10.9001154295221,116.328
P73_5,22/6/2022 11:46:30,59.5150656275088,10.9001154295221,113.428
P74_1,10/8/2022 13:37:33,59.5203089221231,10.9120502226323,132.316
P74_2,10/8/2022 13:38:38,59.5203089221231,10.9120502226323,121.716
P74_3,10/8/2022 13:39:42,59.5203089221231,10.9120502226323,115.316
P74_4,10/8/2022 13:40:46,59.5203089221231,10.9120502226323,110.716
P74_5,10/8/2022 13:41:50,59.5203089221231,10.9120502226323,107.116
P74_6,10/8/2022 13:42:53,59.5203089221231,10.9120502226323,104.116
P74_7,10/8/2022 13:43:56,59.5203089221231,10.9120502226323,101.216
P75_1,10/8/2022 13:46:03,59.5211603314075,10.9137233011193,140.715
P75_2,10/8/2022 13:47:09,59.5211603314075,10.9137233011193,130.115
P75_3,10/8/2022 13:48:13,59.5211603314075,10.9137233011193,123.715
P75_4,10/8/2022 13:49:17,59.5211603314075,10.9137233011193,119.115
P75_5,10/8/2022 13:50:20,59.5211603314075,10.9137233011193,115.515
P76_1,21/7/2022 11:39:28,59.5183833211756,10.9115414528501,95.819
P76_2,21/7/2022 11:40:33,59.5183833211756,10.9115414528501,85.219
P76_3,21/7/2022 11:41:37,59.5183833211756,10.9115414528501,78.819
P76_4,21/7/2022 11:42:41,59.5183833211756,10.9115414528501,74.219
P76_5,21/7/2022 11:43:44,59.5183833211756,10.9115414528501,70.619
P76_6,21/7/2022 11:44:48,59.5183833211756,10.9115414528501,67.619
P76_7,21/7/2022 11:45:51,59.5183833211756,10.9115414528501,64.719
P77_1,21/7/2022 11:24:23,59.517473891292,10.9095456992869,102.321
P77_2,21/7/2022 11:25:29,59.517473891292,10.9095456992869,91.721
P77_3,21/7/2022 11:26:33,59.517473891292,10.9095456992869,85.321
P77_4,21/7/2022 11:27:36,59.517473891292,10.9095456992869,80.721
P77_5,21/7/2022 11:28:40,59.517473891292,10.9095456992869,77.121
P77_6,21/7/2022 11:29:43,59.517473891292,10.9095456992869,74.121
P77_7,21/7/2022 11:30:46,59.517473891292,10.9095456992869,71.221
P78_1,17/7/2022 14:14:17,59.5149109831859,10.9034593237711,125.227
P78_2,17/7/2022 14:15:23,59.5149109831859,10.9034593237711,114.627
P78_3,17/7/2022 14:16:27,59.5149109831859,10.9034593237711,108.227
P78_4,17/7/2022 14:17:30,59.5149109831859,10.9034593237711,103.627
P78_5,17/7/2022 14:18:34,59.5149109831859,10.9034593237711,100.027
P78_6,17/7/2022 14:19:37,59.5149109831859,10.9034593237711,97.027
P78_7,17/7/2022 14:20:40,59.5149109831859,10.9034593237711,94.127
P79_1,30/8/2022 13:46:28,59.5080980921011,10.8872933517279,141.943
P79_2,30/8/2022 13:47:33,59.5080980921011,10.8872933517279,131.343
P79_3,30/8/2022 13:48:38,59.5080980921011,10.8872933517279,124.943
P79_4,30/8/2022 13:52:32,59.5080980921011,10.8872933517279,120.343
P79_5,30/8/2022 13:53:36,59.5080980921011,10.8872933517279,116.743
P79_6,30/8/2022 13:54:39,59.5080980921011,10.8872933517279,113.743
P80_1,14/7/2022 11:05:26,59.5062280609275,10.883483064525,147.147
P80_2,14/7/2022 11:06:31,59.5062280609275,10.883483064525,136.547
P80_3,14/7/2022 11:07:35,59.5062280609275,10.883483064525,130.147
P80_4,14/7/2022 11:08:39,59.5062280609275,10.883483064525,125.547
P80_5,14/7/2022 11:09:43,59.5062280609275,10.883483064525,121.947
P80_6,14/7/2022 11:10:46,59.5062280609275,10.883483064525,118.947
P80_7,14/7/2022 11:11:49,59.5062280609275,10.883483064525,116.047
P81_1,14/7/2022 10:15:56,59.5054518482027,10.8813753268832,145.749
P81_2,14/7/2022 10:17:01,59.5054518482027,10.8813753268832,135.149
P81_3,14/7/2022 10:18:05,59.5054518482027,10.8813753268832,128.749
P81_4,14/7/2022 10:19:09,59.5054518482027,10.8813753268832,124.149
P81_5,14/7/2022 10:20:13,59.5054518482027,10.8813753268832,120.549
P81_6,14/7/2022 10:21:16,59.5054518482027,10.8813753268832,117.549
P81_7,14/7/2022 10:22:19,59.5054518482027,10.8813753268832,114.649
P82_1,14/7/2022 10:07:06,59.5046037454582,10.8792943636867,138.351
P82_2,14/7/2022 10:08:11,59.5046037454582,10.8792943636867,127.751
P82_3,14/7/2022 10:09:16,59.5046037454582,10.8792943636867,121.351
P82_4,14/7/2022 10:10:19,59.5046037454582,10.8792943636867,116.751
P82_5,14/7/2022 10:11:23,59.5046037454582,10.8792943636867,113.151
P82_6,14/7/2022 10:12:26,59.5046037454582,10.8792943636867,110.151
P82_7,14/7/2022 10:13:29,59.5046037454582,10.8792943636867,107.251
P83_1,14/7/2022 09:57:01,59.5035649566544,10.8810837397354,142.252
P83_2,14/7/2022 09:58:07,59.5035649566544,10.8810837397354,131.652
P83_3,14/7/2022 09:59:11,59.5035649566544,10.8810837397354,125.252
P83_4,14/7/2022 10:00:14,59.5035649566544,10.8810837397354,120.652
P83_5,14/7/2022 10:01:18,59.5035649566544,10.8810837397354,117.052
P83_6,14/7/2022 10:02:21,59.5035649566544,10.8810837397354,114.052
P83_7,14/7/2022 10:03:24,59.5035649566544,10.8810837397354,111.152
P84_1,14/7/2022 10:29:46,59.5044291833874,10.8830204640219,145.750
P84_2,14/7/2022 10:30:52,59.5044291833874,10.8830204640219,135.150
P84_3,14/7/2022 10:31:56,59.5044291833874,10.8830204640219,128.750
P84_4,14/7/2022 10:33:00,59.5044291833874,10.8830204640219,124.150
P84_5,14/7/2022 10:34:03,59.5044291833874,10.8830204640219,120.550
P84_6,14/7/2022 10:35:06,59.5044291833874,10.8830204640219,117.550
P84_7,14/7/2022 10:36:09,59.5044291833874,10.8830204640219,114.650
P85_1,14/7/2022 10:56:54,59.5052199296145,10.8848901966942,140.448
P85_2,14/7/2022 10:57:59,59.5052199296145,10.8848901966942,129.848
P85_3,14/7/2022 10:59:03,59.5052199296145,10.8848901966942,123.448
P85_4,14/7/2022 11:00:07,59.5052199296145,10.8848901966942,118.848
P85_5,14/7/2022 11:01:10,59.5052199296145,10.8848901966942,115.248
P85_6,14/7/2022 11:02:14,59.5052199296145,10.8848901966942,112.248
P85_7,14/7/2022 11:03:17,59.5052199296145,10.8848901966942,109.348
P86_1,14/7/2022 11:57:06,59.506188109609496,10.8871205770666,140.946
P86_2,14/7/2022 11:58:11,59.506188109609496,10.8871205770666,130.346
P86_3,14/7/2022 11:59:15,59.506188109609496,10.8871205770666,123.946
P86_4,14/7/2022 12:00:19,59.506188109609496,10.8871205770666,119.346
P86_5,14/7/2022 12:01:22,59.506188109609496,10.8871205770666,115.746
P86_6,14/7/2022 12:02:26,59.506188109609496,10.8871205770666,112.746
P86_7,14/7/2022 12:03:29,59.506188109609496,10.8871205770666,109.846
P87_1,30/8/2022 13:37:40,59.5070464692192,10.8890905745529,136.344
P87_2,30/8/2022 13:38:45,59.5070464692192,10.8890905745529,125.744
P87_3,30/8/2022 13:39:49,59.5070464692192,10.8890905745529,119.344
P87_4,30/8/2022 13:40:53,59.5070464692192,10.8890905745529,114.744
P87_5,30/8/2022 13:41:56,59.5070464692192,10.8890905745529,111.144
P87_6,30/8/2022 13:43:00,59.5070464692192,10.8890905745529,108.144
P87_7,30/8/2022 13:44:03,59.5070464692192,10.8890905745529,105.244
P88_1,17/7/2022 13:06:09,59.5095044505912,10.8950236084686,134.838
P88_2,17/7/2022 13:07:15,59.5095044505912,10.8950236084686,124.238
P88_3,17/7/2022 13:08:19,59.5095044505912,10.8950236084686,117.838
P88_4,17/7/2022 13:09:22,59.5095044505912,10.8950236084686,113.238
P88_5,17/7/2022 13:10:26,59.5095044505912,10.8950236084686,109.638
P88_6,17/7/2022 13:11:29,59.5095044505912,10.8950236084686,106.638
P88_7,17/7/2022 13:12:32,59.5095044505912,10.8950236084686,103.738
P89_1,11/8/2022 11:39:37,59.5121925183753,10.9011768595701,130.032
P89_2,11/8/2022 11:40:42,59.5121925183753,10.9011768595701,119.432
P89_3,11/8/2022 11:41:47,59.5121925183753,10.9011768595701,113.032
P89_4,11/8/2022 11:42:50,59.5121925183753,10.9011768595701,108.432
P89_5,11/8/2022 11:43:54,59.5121925183753,10.9011768595701,104.832
P89_6,11/8/2022 11:44:57,59.5121925183753,10.9011768595701,101.832
P89_7,11/8/2022 11:46:14,59.5121925183753,10.9011768595701,98.932
P90_1,21/7/2022 11:13:08,59.5165319880661,10.9112340496193,83.622
P90_2,21/7/2022 11:14:13,59.5165319880661,10.9112340496193,73.022
P90_3,21/7/2022 11:15:18,59.5165319880661,10.9112340496193,66.622
P90_4,21/7/2022 11:16:21,59.5165319880661,10.9112340496193,62.022
P90_5,21/7/2022 11:17:25,59.5165319880661,10.9112340496193,58.422
P90_6,21/7/2022 11:18:28,59.5165319880661,10.9112340496193,55.422
P90_7,21/7/2022 11:19:31,59.5165319880661,10.9112340496193,52.522
P91_1,10/8/2022 13:07:03,59.5173117008002,10.9131957005965,123.620
P91_2,10/8/2022 13:08:08,59.5173117008002,10.9131957005965,113.020
P91_3,10/8/2022 13:09:13,59.5173117008002,10.9131957005965,106.620
P91_4,10/8/2022 13:10:16,59.5173117008002,10.9131957005965,102.020
P91_5,10/8/2022 13:11:20,59.5173117008002,10.9131957005965,98.420
P91_6,10/8/2022 13:12:23,59.5173117008002,10.9131957005965,95.420
P91_7,10/8/2022 13:13:26,59.5173117008002,10.9131957005965,92.520
P92_1,10/8/2022 13:15:35,59.5182865738752,10.9152019734047,138.518
P92_2,10/8/2022 13:16:40,59.5182865738752,10.9152019734047,127.918
P92_3,10/8/2022 13:17:45,59.5182865738752,10.9152019734047,121.518
P92_4,10/8/2022 13:18:48,59.5182865738752,10.9152019734047,116.918
P92_5,10/8/2022 13:19:52,59.5182865738752,10.9152019734047,113.318
P92_6,10/8/2022 13:20:55,59.5182865738752,10.9152019734047,110.318
P92_7,10/8/2022 13:21:58,59.5182865738752,10.9152019734047,107.418
P93_1,10/8/2022 14:23:02,59.5191272605592,10.9172551563221,157.216
P93_2,10/8/2022 14:24:07,59.5191272605592,10.9172551563221,146.616
P93_3,10/8/2022 14:25:12,59.5191272605592,10.9172551563221,140.216
P93_4,10/8/2022 14:26:15,59.5191272605592,10.9172551563221,135.616
P93_5,10/8/2022 14:27:17,59.5191272605592,10.9172551563221,132.016
P93_6,10/8/2022 14:28:20,59.5191272605592,10.9172551563221,129.016
P93_7,10/8/2022 14:29:23,59.5191272605592,10.9172551563221,126.116
P94_1,10/8/2022 14:39:24,59.5200851724726,10.9191460707582,136.414
P94_2,10/8/2022 14:40:29,59.5200851724726,10.9191460707582,125.814
P94_3,10/8/2022 14:41:34,59.5200851724726,10.9191460707582,119.414
P95_1,10/8/2022 14:16:52,59.5191049521869,10.9210624779667,132.815
P95_2,10/8/2022 14:17:58,59.5191049521869,10.9210624779667,122.215
P95_3,10/8/2022 14:19:02,59.5191049521869,10.9210624779667,115.815
P96_1,10/8/2022 14:08:01,59.5181882383147,10.9188988537792,135.617
P96_2,10/8/2022 14:09:05,59.5181882383147,10.9188988537792,125.017
P96_3,10/8/2022 14:10:09,59.5181882383147,10.9188988537792,118.617
P96_4,10/8/2022 14:11:13,59.5181882383147,10.9188988537792,114.017
P96_5,10/8/2022 14:12:17,59.5181882383147,10.9188988537792,110.417
P96_6,10/8/2022 14:13:20,59.5181882383147,10.9188988537792,107.417
P96_7,10/8/2022 14:14:23,59.5181882383147,10.9188988537792,104.517
P97_1,10/8/2022 13:24:34,59.5172531621215,10.9171068524931,148.219
P97_2,10/8/2022 13:25:39,59.5172531621215,10.9171068524931,137.619
P97_3,10/8/2022 13:26:43,59.5172531621215,10.9171068524931,131.219
P97_4,10/8/2022 13:27:47,59.5172531621215,10.9171068524931,126.619
P97_5,10/8/2022 13:28:51,59.5172531621215,10.9171068524931,123.019
P97_6,10/8/2022 13:29:54,59.5172531621215,10.9171068524931,120.019
P97_7,10/8/2022 13:30:57,59.5172531621215,10.9171068524931,117.119
P98_4,8/8/2022 15:25:14,59.5164097445278,10.9150382554008,117.021
P98_5,8/8/2022 15:26:17,59.5164097445278,10.9150382554008,113.421
P98_6,8/8/2022 15:27:21,59.5164097445278,10.9150382554008,110.421
P98_7,8/8/2022 15:28:24,59.5164097445278,10.9150382554008,107.521
P99_1,17/7/2022 13:20:47,59.5094022490789,10.8986740549326,121.337
P99_2,17/7/2022 13:21:52,59.5094022490789,10.8986740549326,110.737
P99_3,17/7/2022 13:22:57,59.5094022490789,10.8986740549326,104.337
P99_4,17/7/2022 13:24:00,59.5094022490789,10.8986740549326,99.737
P99_5,17/7/2022 13:25:04,59.5094022490789,10.8986740549326,96.137
P101_4,14/7/2022 11:48:56,59.5050868024287,10.8886662602082,108.847
P101_5,14/7/2022 11:49:59,59.5050868024287,10.8886662602082,105.247
P101_6,14/7/2022 11:51:03,59.5050868024287,10.8886662602082,102.247
P101_7,14/7/2022 11:52:06,59.5050868024287,10.8886662602082,99.347
P102_1,14/7/2022 11:21:20,59.5041665394567,10.8868569214211,137.849
P102_2,14/7/2022 11:22:25,59.5041665394567,10.8868569214211,127.249
P102_3,14/7/2022 11:23:29,59.5041665394567,10.8868569214211,120.849
P102_4,14/7/2022 11:24:33,59.5041665394567,10.8868569214211,116.249
P102_5,14/7/2022 11:25:36,59.5041665394567,10.8868569214211,112.649
P102_6,14/7/2022 11:26:39,59.5041665394567,10.8868569214211,109.649
P102_7,14/7/2022 11:27:43,59.5041665394567,10.8868569214211,106.749
P103_1,14/7/2022 11:30:19,59.5033053743694,10.8846643320201,108.151
P103_2,14/7/2022 11:31:24,59.5033053743694,10.8846643320201,97.551
P103_3,14/7/2022 11:32:28,59.5033053743694,10.8846643320201,91.151
P103_4,14/7/2022 11:33:32,59.5033053743694,10.8846643320201,86.551
P103_5,14/7/2022 11:34:35,59.5033053743694,10.8846643320201,82.951
P103_6,14/7/2022 11:35:39,59.5033053743694,10.8846643320201,79.951
P103_7,14/7/2022 11:36:42,59.5033053743694,10.8846643320201,77.051
P104_1,18/7/2022 11:01:30,59.5026027153374,10.8829218322405,148.553
P104_2,18/7/2022 11:02:35,59.5026027153374,10.8829218322405,137.953
P104_3,18/7/2022 11:03:39,59.5026027153374,10.8829218322405,131.553
P104_4,18/7/2022 11:04:43,59.5026027153374,10.8829218322405,126.953
P104_5,18/7/2022 11:05:46,59.5026027153374,10.8829218322405,123.353
P104_6,18/7/2022 11:06:50,59.5026027153374,10.8829218322405,120.353
P104_7,18/7/2022 11:07:53,59.5026027153374,10.8829218322405,117.453
P105_1,18/7/2022 11:10:18,59.5014887608849,10.8844004935217,137.354
P105_2,18/7/2022 11:11:24,59.5014887608849,10.8844004935217,126.754
P105_3,18/7/2022 11:12:28,59.5014887608849,10.8844004935217,120.354
P105_4,18/7/2022 11:13:31,59.5014887608849,10.8844004935217,115.754
P105_5,18/7/2022 11:14:35,59.5014887608849,10.8844004935217,112.154
P105_6,18/7/2022 11:15:38,59.5014887608849,10.8844004935217,109.154
P106_1,18/7/2022 11:19:01,59.5023280254988,10.8865025447892,98.552
P106_2,18/7/2022 11:20:06,59.5023280254988,10.8865025447892,87.952
P106_3,18/7/2022 11:21:11,59.5023280254988,10.8865025447892,81.552
P106_4,18/7/2022 11:22:14,59.5023280254988,10.8865025447892,76.952
P106_5,18/7/2022 11:23:18,59.5023280254988,10.8865025447892,73.352
P107_1,18/7/2022 12:22:55,59.5032440445382,10.8884822533784,117.850
P107_2,18/7/2022 12:24:00,59.5032440445382,10.8884822533784,107.250
P107_3,18/7/2022 12:25:04,59.5032440445382,10.8884822533784,100.850
P107_4,18/7/2022 12:26:08,59.5032440445382,10.8884822533784,96.250
P107_5,18/7/2022 12:27:11,59.5032440445382,10.8884822533784,92.650
P107_6,18/7/2022 12:28:15,59.5032440445382,10.8884822533784,89.650
P107_7,18/7/2022 12:29:18,59.5032440445382,10.8884822533784,86.750
P108_1,18/7/2022 11:57:16,59.5040958171748,10.890481411278,106.948
P108_2,18/7/2022 11:58:21,59.5040958171748,10.890481411278,96.348
P108_3,18/7/2022 11:59:25,59.5040958171748,10.890481411278,89.948
P108_4,18/7/2022 12:00:29,59.5040958171748,10.890481411278,85.348
P108_5,18/7/2022 12:01:32,59.5040958171748,10.890481411278,81.748
P108_6,18/7/2022 12:02:35,59.5040958171748,10.890481411278,78.748
P108_7,18/7/2022 12:03:39,59.5040958171748,10.890481411278,75.848
P109_1,18/7/2022 11:43:38,59.5050127193383,10.8924357804473,75.746
P109_2,18/7/2022 11:44:43,59.5050127193383,10.8924357804473,65.146
P109_3,18/7/2022 11:45:48,59.5050127193383,10.8924357804473,58.746
P109_4,18/7/2022 11:47:38,59.5050127193383,10.8924357804473,54.146
P109_5,18/7/2022 11:48:41,59.5050127193383,10.8924357804473,50.546
P109_6,18/7/2022 11:50:30,59.5050127193383,10.8924357804473,47.546
P111_1,8/8/2022 15:04:35,59.5144671497207,10.9145932813472,128.124
P111_2,8/8/2022 15:05:40,59.5144671497207,10.9145932813472,117.524
P111_3,8/8/2022 15:06:44,59.5144671497207,10.9145932813472,111.124
P111_4,8/8/2022 15:07:51,59.5144671497207,10.9145932813472,106.524
P111_5,8/8/2022 15:08:54,59.5144671497207,10.9145932813472,102.924
P111_6,8/8/2022 15:09:58,59.5144671497207,10.9145932813472,99.924
P111_7,8/8/2022 15:11:01,59.5144671497207,10.9145932813472,97.024
P112_1,8/8/2022 15:13:15,59.5153259466238,10.9166726063783,131.122
P112_2,8/8/2022 15:14:21,59.5153259466238,10.9166726063783,120.522
P112_3,8/8/2022 15:15:25,59.5153259466238,10.9166726063783,114.122
P112_4,8/8/2022 15:16:29,59.5153259466238,10.9166726063783,109.522
P112_5,8/8/2022 15:17:35,59.5153259466238,10.9166726063783,105.922
P112_6,8/8/2022 15:18:38,59.5153259466238,10.9166726063783,102.922
P112_7,8/8/2022 15:19:42,59.5153259466238,10.9166726063783,100.022
P113_1,11/8/2022 11:11:05,59.5179614044754,10.9227557818151,155.915
P113_2,11/8/2022 11:12:10,59.5179614044754,10.9227557818151,145.315
P113_3,11/8/2022 11:13:14,59.5179614044754,10.9227557818151,138.915
P113_4,11/8/2022 11:14:18,59.5179614044754,10.9227557818151,134.315
P113_5,11/8/2022 11:15:28,59.5179614044754,10.9227557818151,NA
P113_6,11/8/2022 11:17:17,59.5179614044754,10.9227557818151,NA
P113_7,11/8/2022 11:18:19,59.5179614044754,10.9227557818151,NA
P114_1,10/8/2022 15:07:24,59.5159125570863,10.9224767011053,134.319
P114_2,10/8/2022 15:08:30,59.5159125570863,10.9224767011053,123.719
P114_3,10/8/2022 15:09:34,59.5159125570863,10.9224767011053,117.319
P114_4,10/8/2022 15:10:37,59.5159125570863,10.9224767011053,112.719
P114_5,10/8/2022 15:11:41,59.5159125570863,10.9224767011053,109.119
P114_6,10/8/2022 15:12:44,59.5159125570863,10.9224767011053,106.119
P114_7,10/8/2022 15:13:47,59.5159125570863,10.9224767011053,103.219
P115_1,10/8/2022 15:16:00,59.5151867665143,10.9204350641559,129.221
P115_2,10/8/2022 15:17:06,59.5151867665143,10.9204350641559,118.621
P115_3,10/8/2022 15:18:10,59.5151867665143,10.9204350641559,112.221
P115_4,10/8/2022 15:19:14,59.5151867665143,10.9204350641559,107.621
P117_1,8/8/2022 14:46:07,59.5134732915239,10.9161912096989,98.325
P117_2,8/8/2022 14:47:12,59.5134732915239,10.9161912096989,87.725
P117_3,8/8/2022 14:48:16,59.5134732915239,10.9161912096989,81.325
P117_4,8/8/2022 14:49:20,59.5134732915239,10.9161912096989,76.725
P117_5,8/8/2022 14:50:23,59.5134732915239,10.9161912096989,73.125
P117_6,8/8/2022 14:51:27,59.5134732915239,10.9161912096989,70.125
P117_7,8/8/2022 14:52:30,59.5134732915239,10.9161912096989,67.225
P118_1,8/8/2022 14:37:31,59.5124369166573,10.9145444123763,125.927
P118_2,8/8/2022 14:38:36,59.5124369166573,10.9145444123763,115.327
P118_3,8/8/2022 14:39:40,59.5124369166573,10.9145444123763,108.927
P118_4,8/8/2022 14:40:44,59.5124369166573,10.9145444123763,104.327
P118_5,8/8/2022 14:41:47,59.5124369166573,10.9145444123763,100.727
P118_6,8/8/2022 14:42:51,59.5124369166573,10.9145444123763,97.727
P118_7,8/8/2022 14:43:54,59.5124369166573,10.9145444123763,94.827
P119_1,11/8/2022 12:19:28,59.509026850793,10.9063722129533,118.835
P119_2,11/8/2022 12:20:33,59.509026850793,10.9063722129533,108.235
P119_3,11/8/2022 12:21:37,59.509026850793,10.9063722129533,101.835
P119_4,11/8/2022 12:22:41,59.509026850793,10.9063722129533,97.235
P119_5,11/8/2022 12:23:44,59.509026850793,10.9063722129533,93.635
P119_6,11/8/2022 12:24:47,59.509026850793,10.9063722129533,90.635
P119_7,11/8/2022 12:25:51,59.509026850793,10.9063722129533,87.735
P120_1,11/8/2022 12:54:07,59.5057865709884,10.8981260571986,107.943
P120_2,11/8/2022 12:55:23,59.5057865709884,10.8981260571986,97.343
P120_3,11/8/2022 12:56:27,59.5057865709884,10.8981260571986,90.943
P120_4,11/8/2022 12:57:31,59.5057865709884,10.8981260571986,86.343
P120_5,11/8/2022 12:58:34,59.5057865709884,10.8981260571986,82.743
P120_6,11/8/2022 12:59:37,59.5057865709884,10.8981260571986,79.743
P121_1,11/8/2022 13:02:32,59.5037538023501,10.8979171633591,113.646
P121_2,11/8/2022 13:03:38,59.5037538023501,10.8979171633591,103.046
P121_3,11/8/2022 13:04:42,59.5037538023501,10.8979171633591,96.646
P121_4,11/8/2022 13:05:46,59.5037538023501,10.8979171633591,92.046
P121_5,11/8/2022 13:06:49,59.5037538023501,10.8979171633591,88.446
P121_6,11/8/2022 13:07:52,59.5037538023501,10.8979171633591,85.446
P121_7,11/8/2022 13:08:56,59.5037538023501,10.8979171633591,82.546
P122_1,11/8/2022 12:08:45,59.5080388432404,10.9079853704055,132.036
P122_2,11/8/2022 12:09:50,59.5080388432404,10.9079853704055,121.436
P122_3,11/8/2022 12:10:54,59.5080388432404,10.9079853704055,115.036
P122_4,11/8/2022 12:11:58,59.5080388432404,10.9079853704055,110.436
P122_5,11/8/2022 12:13:11,59.5080388432404,10.9079853704055,106.836
P122_6,11/8/2022 12:14:14,59.5080388432404,10.9079853704055,103.836
P123_6,30/8/2022 11:06:53,59.5098055424213,10.9118060846793,NA
P123_7,30/8/2022 11:07:58,59.5098055424213,10.9118060846793,NA
P124_1,30/8/2022 10:58:01,59.5106791711039,10.9140157658804,137.630
P124_2,30/8/2022 10:59:07,59.5106791711039,10.9140157658804,127.030
P124_3,30/8/2022 11:00:11,59.5106791711039,10.9140157658804,120.630
P124_4,30/8/2022 11:01:14,59.5106791711039,10.9140157658804,116.030
P124_5,30/8/2022 11:02:18,59.5106791711039,10.9140157658804,112.430
P124_6,30/8/2022 11:03:21,59.5106791711039,10.9140157658804,109.430
P124_7,30/8/2022 11:04:24,59.5106791711039,10.9140157658804,106.530
P125_1,25/8/2022 14:07:37,59.51323952505,10.9200261886965,132.924
P125_2,25/8/2022 14:08:44,59.51323952505,10.9200261886965,122.324
P125_3,25/8/2022 14:09:47,59.51323952505,10.9200261886965,115.924
P125_4,25/8/2022 14:10:54,59.51323952505,10.9200261886965,111.324
P125_5,25/8/2022 14:11:57,59.51323952505,10.9200261886965,107.724
P125_6,25/8/2022 14:13:01,59.51323952505,10.9200261886965,104.724
P126_1,25/8/2022 14:15:57,59.5142415925645,10.9221026321933,124.921
P126_2,25/8/2022 14:17:02,59.5142415925645,10.9221026321933,114.321
P126_3,25/8/2022 14:18:06,59.5142415925645,10.9221026321933,107.921
P126_4,25/8/2022 14:19:10,59.5142415925645,10.9221026321933,103.321
P126_5,25/8/2022 14:20:14,59.5142415925645,10.9221026321933,99.721
P127_1,25/8/2022 14:24:32,59.5131522942131,10.9237871385462,135.822
P127_2,25/8/2022 14:25:37,59.5131522942131,10.9237871385462,125.222
P127_3,25/8/2022 14:26:41,59.5131522942131,10.9237871385462,118.822
P127_4,25/8/2022 14:27:45,59.5131522942131,10.9237871385462,114.222
P127_5,25/8/2022 14:28:49,59.5131522942131,10.9237871385462,110.622
P130_1,30/8/2022 11:14:16,59.5079440647542,10.9114613708512,109.935
P131_1,31/8/2022 10:25:46,59.5001943110927,10.8936252767553,124.152
P131_2,31/8/2022 10:26:52,59.5001943110927,10.8936252767553,113.552
P131_3,31/8/2022 10:27:56,59.5001943110927,10.8936252767553,107.152
P131_4,31/8/2022 10:28:59,59.5001943110927,10.8936252767553,102.552
P131_5,31/8/2022 10:30:03,59.5001943110927,10.8936252767553,98.952
P131_6,31/8/2022 10:31:06,59.5001943110927,10.8936252767553,95.952
P131_7,31/8/2022 10:32:09,59.5001943110927,10.8936252767553,93.052
P132_1,31/8/2022 10:34:32,59.4993497788996,10.8915475108966,128.854
P132_2,31/8/2022 10:35:38,59.4993497788996,10.8915475108966,118.254
P132_3,31/8/2022 10:36:42,59.4993497788996,10.8915475108966,111.854
P132_4,31/8/2022 10:37:46,59.4993497788996,10.8915475108966,107.254
P132_5,31/8/2022 10:38:49,59.4993497788996,10.8915475108966,103.654
P132_6,31/8/2022 10:39:52,59.4993497788996,10.8915475108966,100.654
P132_7,31/8/2022 10:40:56,59.4993497788996,10.8915475108966,97.754
P133_1,31/8/2022 10:43:43,59.4974808644386,10.8911611836826,89.356
P133_2,31/8/2022 10:44:49,59.4974808644386,10.8911611836826,78.756
P133_3,31/8/2022 10:45:53,59.4974808644386,10.8911611836826,72.356
P133_4,31/8/2022 10:46:56,59.4974808644386,10.8911611836826,67.756
P133_5,31/8/2022 10:48:00,59.4974808644386,10.8911611836826,64.156
P133_6,31/8/2022 10:49:03,59.4974808644386,10.8911611836826,61.156
P133_7,31/8/2022 10:50:06,59.4974808644386,10.8911611836826,58.256
P134_1,31/8/2022 10:52:35,59.4982994906316,10.8933051228218,86.855
P134_2,31/8/2022 10:53:40,59.4982994906316,10.8933051228218,76.255
P134_3,31/8/2022 10:54:44,59.4982994906316,10.8933051228218,69.855
P134_4,31/8/2022 10:55:48,59.4982994906316,10.8933051228218,65.255
P134_5,31/8/2022 10:56:51,59.4982994906316,10.8933051228218,61.655
P134_6,31/8/2022 10:57:55,59.4982994906316,10.8933051228218,58.655
P134_7,31/8/2022 10:58:58,59.4982994906316,10.8933051228218,55.755
P135_1,11/8/2022 13:47:47,59.5035135053249,10.9053692940579,118.943
P135_2,11/8/2022 13:48:52,59.5035135053249,10.9053692940579,108.343
P135_3,11/8/2022 13:49:57,59.5035135053249,10.9053692940579,101.943
P135_4,11/8/2022 13:51:00,59.5035135053249,10.9053692940579,97.343
P135_5,11/8/2022 13:52:04,59.5035135053249,10.9053692940579,93.743
P135_6,11/8/2022 13:53:07,59.5035135053249,10.9053692940579,90.743
P135_7,11/8/2022 13:54:10,59.5035135053249,10.9053692940579,87.843
P136_1,11/8/2022 13:31:29,59.5052383585979,10.9094161496506,138.540
P136_2,11/8/2022 13:32:34,59.5052383585979,10.9094161496506,127.940
P136_3,11/8/2022 13:33:38,59.5052383585979,10.9094161496506,121.540
P136_4,11/8/2022 13:34:42,59.5052383585979,10.9094161496506,116.940
P136_5,11/8/2022 13:35:46,59.5052383585979,10.9094161496506,113.340
P136_6,11/8/2022 13:36:49,59.5052383585979,10.9094161496506,110.340
P136_7,11/8/2022 13:37:52,59.5052383585979,10.9094161496506,107.440
P137_1,30/8/2022 11:34:46,59.5078221205077,10.9151913079384,141.634
P137_2,30/8/2022 11:38:23,59.5078221205077,10.9151913079384,NA
P145_1,11/8/2022 13:40:14,59.5042656003596,10.9111152114328,137.440
P145_2,11/8/2022 13:41:19,59.5042656003596,10.9111152114328,126.840
P145_3,11/8/2022 13:42:23,59.5042656003596,10.9111152114328,120.440
P145_4,11/8/2022 13:43:27,59.5042656003596,10.9111152114328,115.840
P145_5,11/8/2022 13:44:31,59.5042656003596,10.9111152114328,112.240
P146_1,15/8/2022 10:43:00,59.501561202955,10.9049135073966,100.347
P146_2,15/8/2022 10:44:06,59.501561202955,10.9049135073966,89.747
P146_3,15/8/2022 10:45:10,59.501561202955,10.9049135073966,83.347
P146_4,15/8/2022 10:46:14,59.501561202955,10.9049135073966,78.747
P147_1,15/8/2022 10:21:36,59.5006603489231,10.9027480286636,94.449
P147_2,15/8/2022 10:22:41,59.5006603489231,10.9027480286636,83.849
P147_3,15/8/2022 10:23:46,59.5006603489231,10.9027480286636,77.449
P147_4,15/8/2022 10:24:49,59.5006603489231,10.9027480286636,72.849
P147_5,15/8/2022 10:25:53,59.5006603489231,10.9027480286636,69.249
P147_6,15/8/2022 10:26:56,59.5006603489231,10.9027480286636,66.249
P147_7,15/8/2022 10:27:59,59.5006603489231,10.9027480286636,63.349
P148_1,15/8/2022 10:12:52,59.4997933817164,10.9010357372648,89.750
P148_2,15/8/2022 10:13:57,59.4997933817164,10.9010357372648,79.150
P148_3,15/8/2022 10:15:01,59.4997933817164,10.9010357372648,72.750
P148_4,15/8/2022 10:16:05,59.4997933817164,10.9010357372648,68.150
P148_5,15/8/2022 10:17:08,59.4997933817164,10.9010357372648,64.550
P148_6,15/8/2022 10:18:12,59.4997933817164,10.9010357372648,61.550
P148_7,15/8/2022 10:19:15,59.4997933817164,10.9010357372648,58.650
P149_1,31/8/2022 11:41:02,59.4973082763191,10.895014743757,121.355
P149_2,31/8/2022 11:42:07,59.4973082763191,10.895014743757,110.755
P149_3,31/8/2022 11:43:12,59.4973082763191,10.895014743757,104.355
P149_4,31/8/2022 11:44:15,59.4973082763191,10.895014743757,99.755
P149_5,31/8/2022 11:45:19,59.4973082763191,10.895014743757,96.155
P149_6,31/8/2022 11:46:22,59.4973082763191,10.895014743757,93.155
P149_7,31/8/2022 11:47:25,59.4973082763191,10.895014743757,90.255
P150_1,31/8/2022 11:50:04,59.4954467444876,10.8942695210845,125.057
P150_2,31/8/2022 11:51:10,59.4954467444876,10.8942695210845,114.457
P150_3,31/8/2022 11:52:14,59.4954467444876,10.8942695210845,108.057
P150_4,31/8/2022 11:53:17,59.4954467444876,10.8942695210845,103.457
P150_5,31/8/2022 11:54:21,59.4954467444876,10.8942695210845,99.857
P150_6,31/8/2022 11:55:24,59.4954467444876,10.8942695210845,96.857
P150_7,31/8/2022 11:56:27,59.4954467444876,10.8942695210845,93.957
P151_1,15/8/2022 10:30:42,59.4996584069638,10.9049104741581,123.549
P151_2,15/8/2022 10:31:47,59.4996584069638,10.9049104741581,112.949
P151_3,15/8/2022 10:32:51,59.4996584069638,10.9049104741581,106.549
P151_4,15/8/2022 10:33:55,59.4996584069638,10.9049104741581,101.949
P151_5,15/8/2022 10:34:58,59.4996584069638,10.9049104741581,98.349
P151_6,15/8/2022 10:36:02,59.4996584069638,10.9049104741581,95.349
P151_7,15/8/2022 10:37:05,59.4996584069638,10.9049104741581,92.449
P152_1,25/8/2022 13:08:53,59.5022951916251,10.9107188367002,139.143
P152_2,25/8/2022 13:09:58,59.5022951916251,10.9107188367002,128.543
P152_3,25/8/2022 13:11:02,59.5022951916251,10.9107188367002,122.143
P152_4,25/8/2022 13:12:14,59.5022951916251,10.9107188367002,117.543
P152_5,25/8/2022 13:13:18,59.5022951916251,10.9107188367002,113.943
P152_6,25/8/2022 13:14:21,59.5022951916251,10.9107188367002,110.943
P152_7,25/8/2022 13:15:24,59.5022951916251,10.9107188367002,108.043
P157_1,30/8/2022 12:16:43,59.5117591932624,10.9330315520302,110.818
P157_2,30/8/2022 12:17:48,59.5117591932624,10.9330315520302,100.218
P157_3,30/8/2022 12:18:52,59.5117591932624,10.9330315520302,93.818
P157_4,30/8/2022 12:19:56,59.5117591932624,10.9330315520302,89.218
P157_5,30/8/2022 12:20:59,59.5117591932624,10.9330315520302,85.618
P157_6,30/8/2022 12:22:03,59.5117591932624,10.9330315520302,82.618
P157_7,30/8/2022 12:23:06,59.5117591932624,10.9330315520302,79.718
P159_1,30/8/2022 12:26:30,59.5090211248474,10.930763369932,136.624
P159_2,30/8/2022 12:27:35,59.5090211248474,10.930763369932,126.024
P159_3,30/8/2022 12:28:39,59.5090211248474,10.930763369932,119.624
P159_4,30/8/2022 12:29:43,59.5090211248474,10.930763369932,115.024
P159_5,30/8/2022 12:30:46,59.5090211248474,10.930763369932,111.424
P159_6,30/8/2022 12:31:49,59.5090211248474,10.930763369932,108.424
P159_7,30/8/2022 12:32:53,59.5090211248474,10.930763369932,105.524
P164_1,25/8/2022 13:18:20,59.5021486019802,10.9145723431126,137.542
P164_2,25/8/2022 13:19:25,59.5021486019802,10.9145723431126,126.942
P164_3,25/8/2022 13:20:29,59.5021486019802,10.9145723431126,120.542
P164_4,25/8/2022 13:21:33,59.5021486019802,10.9145723431126,115.942
P164_5,25/8/2022 13:22:36,59.5021486019802,10.9145723431126,112.342
P164_6,25/8/2022 13:23:40,59.5021486019802,10.9145723431126,109.342
P164_7,25/8/2022 13:24:43,59.5021486019802,10.9145723431126,106.442
P165_1,25/8/2022 12:40:24,59.5003741934344,10.9103612037539,135.846
P165_2,25/8/2022 12:41:29,59.5003741934344,10.9103612037539,125.246
P165_3,25/8/2022 12:42:33,59.5003741934344,10.9103612037539,118.846
P165_4,25/8/2022 12:43:37,59.5003741934344,10.9103612037539,114.246
P165_5,25/8/2022 12:44:41,59.5003741934344,10.9103612037539,110.646
P165_6,25/8/2022 12:45:44,59.5003741934344,10.9103612037539,107.646
P165_7,25/8/2022 12:46:47,59.5003741934344,10.9103612037539,104.746
P166_1,15/8/2022 11:00:34,59.4977350114207,10.904386618468,91.252
P166_2,15/8/2022 11:01:39,59.4977350114207,10.904386618468,80.652
P166_3,15/8/2022 11:02:43,59.4977350114207,10.904386618468,74.252
P166_4,15/8/2022 11:03:47,59.4977350114207,10.904386618468,69.652
P166_5,15/8/2022 11:04:50,59.4977350114207,10.904386618468,66.052
P166_6,15/8/2022 11:05:53,59.4977350114207,10.904386618468,63.052
P166_7,15/8/2022 11:06:57,59.4977350114207,10.904386618468,60.152
P167_1,15/8/2022 11:09:21,59.4968989159011,10.9022462798515,111.353
P167_2,15/8/2022 11:10:26,59.4968989159011,10.9022462798515,100.753
P167_3,15/8/2022 11:11:30,59.4968989159011,10.9022462798515,94.353
P169_1,15/8/2022 11:29:48,59.4942141099693,10.899842713029,119.057
P169_2,15/8/2022 11:30:54,59.4942141099693,10.899842713029,108.457
P169_3,15/8/2022 11:31:58,59.4942141099693,10.899842713029,102.057
P169_4,15/8/2022 11:33:02,59.4942141099693,10.899842713029,97.457
P169_5,15/8/2022 11:34:05,59.4942141099693,10.899842713029,93.857
P169_6,15/8/2022 11:35:08,59.4942141099693,10.899842713029,90.857
P169_7,15/8/2022 11:36:11,59.4942141099693,10.899842713029,87.957
P170_1,15/8/2022 11:38:35,59.4950953886655,10.9020052521055,91.955
P170_2,15/8/2022 11:39:40,59.4950953886655,10.9020052521055,81.355
P170_3,15/8/2022 11:40:44,59.4950953886655,10.9020052521055,74.955
P170_4,15/8/2022 11:41:48,59.4950953886655,10.9020052521055,70.355
P170_5,15/8/2022 11:42:52,59.4950953886655,10.9020052521055,66.755
P170_6,15/8/2022 11:43:55,59.4950953886655,10.9020052521055,63.755
P170_7,15/8/2022 11:44:58,59.4950953886655,10.9020052521055,60.855
P171_1,15/8/2022 11:59:37,59.4967313809003,10.9061416868932,116.352
P171_2,15/8/2022 12:00:42,59.4967313809003,10.9061416868932,105.752
P171_3,15/8/2022 12:01:46,59.4967313809003,10.9061416868932,99.352
P171_4,15/8/2022 12:02:50,59.4967313809003,10.9061416868932,94.752
P171_5,15/8/2022 12:03:53,59.4967313809003,10.9061416868932,91.152
P171_6,15/8/2022 12:04:57,59.4967313809003,10.9061416868932,88.152
P171_7,15/8/2022 12:06:00,59.4967313809003,10.9061416868932,85.252
P173_1,25/8/2022 12:22:32,59.4993073853886,10.9121768072834,116.247
P173_2,25/8/2022 12:23:38,59.4993073853886,10.9121768072834,105.647
P173_3,25/8/2022 12:24:42,59.4993073853886,10.9121768072834,99.247
P173_4,25/8/2022 12:25:45,59.4993073853886,10.9121768072834,94.647
P173_5,25/8/2022 12:26:49,59.4993073853886,10.9121768072834,91.047
P173_6,25/8/2022 12:27:52,59.4993073853886,10.9121768072834,88.047
P173_7,25/8/2022 12:28:55,59.4993073853886,10.9121768072834,85.147
P174_1,25/8/2022 12:31:21,59.500154366049,10.9142818438835,126.845
P174_2,25/8/2022 12:32:26,59.500154366049,10.9142818438835,116.245
P174_3,25/8/2022 12:33:30,59.500154366049,10.9142818438835,109.845
P174_4,25/8/2022 12:34:34,59.500154366049,10.9142818438835,105.245
P174_5,25/8/2022 12:35:37,59.500154366049,10.9142818438835,101.645
P174_6,25/8/2022 12:36:41,59.500154366049,10.9142818438835,98.645
P174_7,25/8/2022 12:37:44,59.500154366049,10.9142818438835,95.745
P175_1,25/8/2022 13:00:20,59.5020081818674,10.9181083879244,106.741
P175_2,25/8/2022 13:01:31,59.5020081818674,10.9181083879244,NA
P178_1,30/8/2022 12:35:38,59.5071980187309,10.9303265250688,135.527
P178_2,30/8/2022 12:36:43,59.5071980187309,10.9303265250688,124.927
P178_3,30/8/2022 12:37:47,59.5071980187309,10.9303265250688,118.527
P178_4,30/8/2022 12:38:51,59.5071980187309,10.9303265250688,113.927
P178_5,30/8/2022 12:39:54,59.5071980187309,10.9303265250688,110.327
P178_6,30/8/2022 12:40:58,59.5071980187309,10.9303265250688,107.327
P178_7,30/8/2022 12:42:01,59.5071980187309,10.9303265250688,104.427
P179_1,30/8/2022 12:45:40,59.5080488094643,10.9323775882758,108.224
P179_2,30/8/2022 12:46:45,59.5080488094643,10.9323775882758,97.625
P179_3,30/8/2022 12:47:50,59.5080488094643,10.9323775882758,91.224
